{
  "p95_t": 4598331.92005,
  "p95_dt": 9.42200000025332
}