epoch,loss,val_loss_macro,lr
1,0.644699,,1.07e-06
2,0.634977,0.742510,1.07e-06
3,0.628673,,1.07e-06
4,0.622941,0.729615,1.07e-06
5,0.617455,,1.07e-06
6,0.612121,0.717316,1.07e-06
7,0.606830,,1.07e-06
8,0.601633,0.705472,1.07e-06
9,0.596733,,1.07e-06
10,0.591558,0.695591,1.07e-06
11,0.586707,,1.07e-06
12,0.581890,0.685918,1.07e-06
13,0.577088,,1.07e-06
14,0.572316,0.674998,1.07e-06
15,0.567661,,1.07e-06
16,0.563152,0.666543,1.07e-06
