epoch,loss,val_loss_macro,lr
1,0.112616,,0.000266753
2,0.063508,0.205699,0.000266753
3,0.061879,,0.000266753
4,0.061382,0.198170,0.000266753
5,0.061117,,0.000266753
6,0.060987,0.188867,0.000266753
7,0.060868,,0.000266753
8,0.060829,0.194455,0.000266753
9,0.060766,,0.000266753
10,0.060673,0.195067,0.000266753
11,0.060714,,0.000266753
12,0.060641,0.193990,0.000266753
13,0.060442,,0.000133376
14,0.060427,0.197713,0.000133376
15,0.060410,,0.000133376
16,0.060379,0.197071,0.000133376
