epoch,loss,val_loss_macro,lr
1,0.215386,,7.26807e-05
2,0.196712,0.181533,7.26807e-05
3,0.183949,,7.26807e-05
4,0.171038,0.177158,7.26807e-05
5,0.160046,,7.26807e-05
6,0.150662,0.298771,7.26807e-05
7,0.142831,,7.26807e-05
8,0.135974,0.320317,7.26807e-05
9,0.129869,,7.26807e-05
10,0.124703,0.344918,7.26807e-05
11,0.120985,,3.63404e-05
12,0.118750,0.350468,3.63404e-05
13,0.116621,,3.63404e-05
14,0.114582,0.344150,3.63404e-05
