epoch,loss,val_loss_macro,lr
1,0.262614,,4.73455e-05
2,0.241421,0.226354,4.73455e-05
3,0.216782,,4.73455e-05
4,0.198458,0.484958,4.73455e-05
5,0.184949,,4.73455e-05
6,0.174063,0.652446,4.73455e-05
7,0.164141,,4.73455e-05
8,0.155747,0.640563,4.73455e-05
9,0.150112,,2.36728e-05
10,0.146309,0.617528,2.36728e-05
11,0.143308,,2.36728e-05
12,0.139967,0.605509,2.36728e-05
