epoch,loss,val_loss_macro,lr
1,0.564144,,1.1582e-06
2,0.552597,0.539643,1.1582e-06
3,0.544306,,1.1582e-06
4,0.532967,0.540181,1.1582e-06
5,0.519531,,1.1582e-06
6,0.512148,0.565332,1.1582e-06
7,0.506600,,1.1582e-06
8,0.501658,0.577493,1.1582e-06
9,0.497191,,1e-06
10,0.493338,0.545791,1e-06
11,0.489695,,1e-06
12,0.485789,0.541286,1e-06
