epoch,loss,val_loss_macro,lr
1,0.328697,,0.000285107
2,0.178686,0.136582,0.000285107
3,0.110657,,0.000285107
4,0.080706,0.098273,0.000285107
5,0.066508,,0.000285107
6,0.058823,0.236510,0.000285107
7,0.054527,,0.000285107
8,0.051818,0.184112,0.000285107
9,0.050014,,0.000285107
10,0.048740,0.290300,0.000285107
11,0.047671,,0.000142553
12,0.047120,0.237444,0.000142553
13,0.046863,,0.000142553
14,0.046508,0.258774,0.000142553
