epoch,loss,val_loss_macro,lr
1,0.309446,,1.5697e-05
2,0.286960,0.307643,1.5697e-05
3,0.272264,,1.5697e-05
4,0.261762,0.361905,1.5697e-05
5,0.253498,,1.5697e-05
6,0.245643,0.372524,1.5697e-05
7,0.238680,,1.5697e-05
8,0.232212,0.319635,1.5697e-05
9,0.227348,,7.8485e-06
10,0.223819,0.328171,7.8485e-06
11,0.220602,,7.8485e-06
12,0.217754,0.353303,7.8485e-06
