epoch,loss,val_loss_macro,lr
1,0.318360,,4.31882e-05
2,0.303137,0.296321,4.31882e-05
3,0.288416,,4.31882e-05
4,0.264526,0.347088,4.31882e-05
5,0.246529,,4.31882e-05
6,0.234293,0.893609,4.31882e-05
7,0.225744,,4.31882e-05
8,0.218300,0.982093,4.31882e-05
9,0.212630,,2.15941e-05
10,0.209634,0.977763,2.15941e-05
11,0.205995,,2.15941e-05
12,0.202652,0.982917,2.15941e-05
