epoch,loss,val_loss_macro,lr
1,0.104653,,1.88951e-05
2,0.088816,0.075629,1.88951e-05
3,0.078562,,1.88951e-05
4,0.071360,0.070243,1.88951e-05
5,0.066112,,1.88951e-05
6,0.062146,0.083468,1.88951e-05
7,0.059222,,1.88951e-05
8,0.057054,0.094506,1.88951e-05
9,0.055429,,1.88951e-05
10,0.054025,0.107634,1.88951e-05
11,0.053125,,9.44753e-06
12,0.052642,0.110250,9.44753e-06
13,0.052065,,9.44753e-06
14,0.051626,0.110720,9.44753e-06
