epoch,loss,val_loss_macro,lr
1,0.282018,,4.15722e-05
2,0.258202,0.246763,4.15722e-05
3,0.242385,,4.15722e-05
4,0.224983,0.249155,4.15722e-05
5,0.214215,,4.15722e-05
6,0.205905,0.528920,4.15722e-05
7,0.198602,,4.15722e-05
8,0.192527,0.726025,4.15722e-05
9,0.188750,,2.07861e-05
10,0.186063,0.748088,2.07861e-05
11,0.184102,,2.07861e-05
12,0.181555,0.800849,2.07861e-05
