epoch,loss,val_loss_macro,lr
1,0.456449,,3.35792e-07
2,0.430065,0.380644,3.35792e-07
3,0.412365,,3.35792e-07
4,0.400307,0.365173,3.35792e-07
5,0.393101,,3.35792e-07
6,0.389299,0.364115,3.35792e-07
7,0.386372,,3.35792e-07
8,0.384341,0.364985,3.35792e-07
9,0.383536,,3.35792e-07
10,0.382413,0.365823,3.35792e-07
11,0.382082,,3.35792e-07
12,0.381326,0.366323,3.35792e-07
13,0.380591,,1e-06
14,0.379422,0.366469,1e-06
15,0.378763,,1e-06
16,0.377780,0.365559,1e-06
