{
  "p95_t": 867102.1051999999,
  "p95_dt": 9.593999999997322
}