{
  "p95_t": 11887976.280183299,
  "p95_dt": 200.01600000075996
}