{
  "p95_t": 11524215.663581898,
  "p95_dt": 200.00400000065565
}