{
  "p95_t": 10628731.501483899,
  "p95_dt": 200.00999999977648
}