{
  "p95_t": 12395906.919996407,
  "p95_dt": 99.0199999997858
}