epoch,loss,val_loss_macro,lr
1,0.588659,,1.54598e-07
2,0.546131,0.492347,1.54598e-07
3,0.519671,,1.54598e-07
4,0.502563,0.469819,1.54598e-07
5,0.491612,,1.54598e-07
6,0.485827,0.469699,1.54598e-07
7,0.481415,,1.54598e-07
8,0.479000,0.471869,1.54598e-07
9,0.477412,,1.54598e-07
10,0.476249,0.473427,1.54598e-07
11,0.475819,,1.54598e-07
12,0.475133,0.474439,1.54598e-07
13,0.473704,,1e-06
14,0.472461,0.475274,1e-06
15,0.471261,,1e-06
16,0.470607,0.473716,1e-06
